Metabolite_names,Symtoms
(+)-Prostaglandin F2 Alpha,(+)-Prostaglandin F2.alpha
N-Acetylglucosamine 6-sulfate,(6S)GlcNAcb
"10-Hydroxy-2,8-decadiene-4,6-diynoic acid",10-Hydroxymatricaric Acid
10Z-Nonadecenoic acid,10-Nonadecenoate (19:1n9)
11-Ketoetiocholanolone,11-Oxoetiocholanolone
12-HETE,"12s-Hydroxy-5z,8z,10e,14z-Eicosatetraenoic Acid"
12-KETE,12-Oxo-ETE
"17-phenyl-18,19,20-trinor-prostaglandin D2",17-Phenyl Trinor Prostaglandin D2
1-Hexadecanol,Hexadecanol
1-Methylnicotinamide,N1-Methylnicotinamide
20-Hydroxyeicosatetraenoic acid,20-Hydroxyarachidonic Acid
"2-Amino-2-methyl-1,3-propanediol",2-Amino-2-Methyl-1-3-Propanediol
2-Aminoadipic acid,Alpha-Aminoadipic Acid
2-Aminoadipic acid,2-Aminoadipate
2-Aminoadipic acid,Alpha-AAA
2-Aminobutyric acid,2-Aminobutyrate
2-Hydroxy-2-methylbutyric acid,2-Hydroxy-2-Methylbutanoic Acid
2-Hydroxybutyric acid,2-Hydroxy-Butanoic Acid
2-Hydroxybutyric acid,(S)-2-Hydroxybutanoicacid
2-O-Methylascorbic acid,2-O-Methyl-L-Ascorbic Acid
2-Phenylacetamide,Phenylacetamide
3-(3-Hydroxyphenyl)propanoic acid,3-(3-Hydroxyphenyl) Propanoic Acid
"3,4-Dihydroxybenzeneacetic acid","3,4-Dihydroxyphenylacetic Acid"
"3,4-Dihydroxybenzeneacetic acid",DOPAC
"3,4-Dihydroxyphenylacetic acid","3,4-Dihydroxybenzeneacetic Acid"
"3,4-Dihydroxyphenylglycol",Dihydroxyphenylglycol
"3,4-Dimethoxyphenylethylamine","2-(3,4-Dimethoxyphenyl)ethanamine"
3-Aminoisobutanoic acid,3-Aminoisobutyric Acid
3-HAA,3-Hydroxyanthranilic Acid
3-HK,3-Hydroxykynurenine
3-Hydroxybutyric acid,3-Hydroxybutyrate
3-Hydroxybutyric acid,Beta-Hydroxybutyrate
3-Hydroxybutyric acid,Βeta-Hydroxybutyric Acid
3-Hydroxybutyric acid,D(-)-Β-Hydroxy Butyric Acid
3-Hydroxybutyric acid,3-Hydroxybutiric Acid
3-Hydroxykynurenine,DL-3-Hydroxy-Kynurenine
3-Hydroxymethylglutaric acid,3-Hydroxy-3-Methylglutaric Acid
3-Hydroxyphenylacetic acid,M-Hydroxyphenylacetic Acid
3-Methylglutarylcarnitine,3-Methylglutaryl Carnitine
3-Methyl-L-Histidine,3-Methyl-Histidine
3-Nitrotyrosine,Nitrotyrosine
3-Nitrotyrosine,3-Nitro-L-Tyrosine
3-Phenylpropanoic acid,3-Phenylpropionate
3-Phosphoglyceric acid,3-Phosphoglycerate
4-Aminohippuric acid,4-Aminohippurate
4-Hydroxyphenylpyruvic acid,4-Hydroxyphenylpyruvate
4-Hydroxyproline,Hydroxyproline
4-Pyridoxic acid,4-Pyridoxate
4-Trimethylammoniobutanoic acid,Gamma-Butyrobetaine
4-Trimethylammoniobutanoic acid,Deoxycarnitine
5-Aminopentanoic acid,5-Aminovaleric Acid
5-Aminopentanoic acid,5-Aminovalerate
5-Hexyltetrahydro-2-oxo-3-furancarboxylic acid,2-Carboxy-4-Decanolide
5-HIAA/5-HT ratio,5-HIAA/5-HT
5-HIAA/5-HT ratio,5-hydroxyindole-3-acetic acid/5-hydroxytryptamine
5-HIAA/5-HT ratio,5-Hydroxyindoleacetic acid/5-HT
5-HIAA/5-HT Ratio,HIAA/5-HT
5-Hydroxyindoleacetic acid,5-Hydroxyindole Acetic Acid
5-Hydroxyindoleacetic acid,5-Hydroxyindole-3-Acetic Acid
5-Hydroxyindoleacetic acid,5-HIAA
5-Hydroxytryptophan,L-5-Hydroxytryptophan
6-Keto-prostaglandin F1α,6-Keto PGF1α
8-Isoprostane,15-F2t-IsoP
AA,Anthranilic acid
Acetic acid,Acetate
Acetoacetic Acid,acetoacetate
Acetylphosphate,Acetyl-Phosphate
Adenosine Diphosphate,ADP
Adenosine monophosphate,Adenosine 5'-Monophosphate
Adenosine monophosphate,Adenosine-5-Monophosphate
Allantoin,S-Allantoin
Allopregnanolone,3α-Hydroxy-5α-Pregnan-20-One
alpha-Ketoisovaleric acid,2-Ketoisovaleric Acid
Alpha-Tocopherol,alpha tocopherol
Alpha-Tocopherol,α-tocopherol
alpha-Tocopherol acetate,Tocopherol acetate
Aminomalonic acid,Aminomalonate
Anandamide,Arachidonoyl Ethanolamide
Anandamide,N-arachidonoylethanolamine
Arachidonic Acid,Arachidonate
Ascorbic Acid,Vitamin C
Asymmetric dimethylarginine,"NG,NG-Dimethyl-L-Arginine"
beta-Alanine,3-Aminopropanoic Acid
beta-Glycyrrhetinic acid,18β-Glycyrrhetinic Acid
Beta-tocopherol,β-tocopherol
Butyric acid,Butyrate
Butyric acid,Butanoic Acid
Butyrylcarnitine,Butyryl-L-Carnitine
Cadaverine,"1,5-Pentanediamine"
CAMP,Cyclic Adenosine Monophosphate
Capric acid,Decanoic Acid
Caproic acid,Hexanoic Acid
Caproic acid,Caproate
Caproic acid,Caproate (6:0)
Caproic acid,Hexanoate
CGMP,Cyclic Guanosine Monophosphate
Chenodeoxycholic acid,Chenodeoxycholate
cis-3-Hexenyl trans-2-hexenoate,(Z)-3-Hexenyl (e)-2-Hexenoate
Citric acid,Citrate
Citrulline,L-Citrulline
Cyclic adenosine monophosphate,CAMP
Cyclic adenosine monophosphate,Cyclic-AMP
Cyclic guanosine monophosphate,CGMP
Cyclic guanosine monophosphate,"Guanosine 3',5'-Cyclic Monophosphate"
D-Arabitol,Arabitol
Dehydroepiandrosterone,DHEA
Deoxyadenosine monophosphate,DAMP
Deoxycorticosterone,11-Deoxycorticosterone
Deoxycytidine,2'-Deoxycytidine
Deoxyguanosine,2'-Deoxyguanosine
Deoxyinosine,2'-Deoxyinosine
Deoxyinosine,"Inosine, 2'-Deoxy"
"DG(18:0/20:4(5Z,8Z,11Z,14Z)/0:0)",1-Stearoyl-2-Arachidonoyl-Sn-Glycerol
D-Galactose,Galactose
D-Galactose,Galactopyranose
D-Galactose,Galactopyranoside
dGDP,Deoxyguanosine Diphosphate
D-Glucose 6-Phosphate,Glucose-6-Phosphate
DGMP,2'-Deoxyguanosine 5'-monophosphate
dGTP,Deoxyguanosine Triphosphate
Dihydrobiopterin,"7,8-Dihydrobiopterin"
Dihydroprogesterone,Dihydroprogestrone
Dihydroxyacetone,Glycerone
Dihydroxyacetone phosphate,Dihydroxy-Acetone-Phosphate
Dimethylglycine,"N,N-Dimethylglycine"
dIMP,2'-Deoxyinosine 5'-Monophosphate
Docosahexaenoic acid,"(4Z,7Z,10Z,13Z,16Z,19Z)-Docosahexaenoic Acid"
Dopamine,DA
D-Threitol,Threitol
D-Xylitol,Xylitol
Eicosapentaenoic acid,Eicosapentaenoate
Epinephrine,Adrenaline
Erythronic acid,Erythronate
FA,Fatty Acid
Flavin Adenine Dinucleotide,FAD
FMN,Flavin Mononucleotide
Formic Acid,Formate
Fructose,D-(-)-Fructose
Fructose 6-phosphate,Fructose-6-P
gamma-Aminobutyric acid,4-Aminobutyric Acid
gamma-Glutamylglutamic acid,Gamma-L-Glutamyl-L-Glutamic Acid
gamma-Glutamylglutamic acid,Gamma-Glu-Glu
gamma-Glutamylleucine,L-Gamma-Glutamyl-L-Leucine
Gamma-Glutamyl-L-Methionine,Gamma-Glutamylmethionine
Gamma-Tocopherol,γ-tocopherol
GDP,Guanosine Diphosphate
Gluconic acid,D-Gluconic Acid
Gluconic acid,D-Gluconate
Gluconolactone,Glucono-D-Lactone
Gluconolactone,"Gluconic Acid, 1,5-Lactone"
Glucose,D-Glucose
Glutamic acid,L-Glutamic acid
Glutamic acid,(S)-glutamic acid
Glutamic acid,D-glutamic acid
Glutamic acid,DL-Glutamic acid
Glutamic acid,Glu
Glutamic acid,glutamate
Glutamic acid,L-Glutamate
Glutathione disulfide,Glutathione-Disulfide
Glutathione disulfide,GSSG
Glyceric acid,Glycerate
Glycerol 3-phosphate,Glycerophosphate
Glycerol 3-phosphate,D-(glycerol 1-Phosphate)
Glycerophosphocholine,Glycerophosphocholine (L16)
Glycerophosphoethanolamine,Glycerophosphoethanolamine (L18)
Glycerophosphoinositol,1-(sn-Glycero-3-Phospho)-1D-Myo-Inositol
Glycochenodeoxycholic acid,Glycochenodeoxycholate
Glycylproline,Glycyl Proline
GMP,Guanosine Monophosphate
GSH,Reduced Glutathione
GSSG,Oxidized glutathione
Guanidoacetic acid,Guanidoacetate
Guanosine monophosphate,GMP
Guanosine monophosphate,5'-Guanylic Acid
Guanosine triphosphate,Guanosine-5'-Triphosphate
Heptadecanoic acid,Heptadecylic Acid
Heptadecanoic acid,Margarate (17:0)
Hippuric acid,Hippurate
Histidylserine,His-Ser
Homovanillic acid,4-Hydroxy-3-Methoxyphenylacetic Acid
Homovanillic acid,Homovanillate
HVA,Homovanillic acid
Hydrogen peroxide,H2O2
Hydrogen sulfide,H2S
Hydroxyoctanoic acid,2-Hydroxyoctanoate
Hydroxytyrosol,"(3,4-Dihydroxyphenyl)ethanol"
Imidazoleacetic acid,Imidazole-4-Acetic Acid
Imidazolepropionic acid,1H-Imidazole-4-Propionic Acid
Iminodiacetic acid,Iminodiacetate
Indole-3-carboxaldehyde,Indole-3-Aldehyde
Indole-3-Lactic Acid,3-Indolelactate
Indole-3-Lactic Acid,Indolelactic acid
Indole-3-Lactic Acid,ILA
Indole-3-Lactic Acid,Indole-3-lactate
Indole-3-propionic acid,3-Indolepropionic Acid
Indole-3-propionic acid,1h-Indole-3-Propanoic Acid
Indoleacetic acid,Indole-3-acetate
Indoleacetic acid,IAA
Indoleacetic acid,Indole acetic acid
Indoleacetic acid,Indole-3-acetic acid
Indoleacetic acid,Indoleacetate
Indoleacetic acid,3-Indoleacetic acid
Indoleacrylic acid,Trans-3-Indoleacrylic acid
Indoleacrylic acid,Indole-3-acrylic acid
Indolelactic acid,Indolelactate
Indolelactic acid,Indole-3-Lactic Acid
Indoxyl sulfate,3-Indoxylsulfuric Acid
Inosine monophosphate,Inosine Monophosphate
Inosine monophosphate,Inosinemonphosphate
Inosine monophosphate,Inosine-5'-Monophosphate
Inosine monophosphate,Inosine Mophosphate
Isobutyric acid,Iso-Butyrate
Isobutyric acid,Isobutyate
Isobutyrylglycine,Isobutyryl Glycine
Isoleucyl-Methionine,Ile-Met
isopentenyl adenosine,Isopentenyladenosine
Isovalerylcarnitine,Isovaleryl Carnitine
Itaconic acid,Itaconate
KA,Kynurenic Acid
KYN,Kynurenine
L-Acetylcarnitine,Acetyl-L-Carnitine
L-Acetylcarnitine,Acetyl-Carnitine
Lactic Acid,L-Lactic acid
Lactic Acid,D-Lactic acid
Lactic acid,Lactate
Lactic acid,DL-Lactate
L-Arginine,Arginine
L-Aspartic acid,Aspartic Acid
L-Aspartic acid,L-Aspartate
L-Carnitine,Carnitine
L-Cysteine,Cysteine
LDL,Low-density lipoprotein
Leucine/Isoleucine Ratio,Leu/Ile Ratio
Leucinic acid,2-Hydroxy-4-Methylvaleric Acid
L-Glutamine,Gln
L-Glutamine,Glutamine
L-Histidine,Histidine
Linoelaidylcarnitine,Linoelaidyl Carnitine
Linoleic acid,Linoleate
Lipopolysaccharide,Endotoxin
L-Isoleucine,Isoleucine
L-Leucine,Leucine
L-Lysine,Lysine
L-Norleucine,Norleucine
L-Ornithine,Ornithine
L-Phenylalanine,Phenylalanine
L-Pipecolic acid,L-Pipecolate
L-Proline,Proline
L-Tyrosine,Tryosine
L-Valine,Valine
LysoPC(0:0/16:0),LysoPC(16:0)
LysoPC(0:0/16:0),LPC(16:0)
LysoPC(16:0/0:0),1-Palmitoyl-Sn-Glycero-3-Phosphocholine
LysoPC(0:0/18:0),2-Stearoylglycerophosphocholine
LysoPC(0:0/18:0),LysoPC(18:0)
LysoPC(18:0/0:0),1-Stearoyl-2-Hydroxy-Sn-Glycero-3-Phosphocholine
"LysoPC(0:0/20:4(5Z,8Z,11Z,14Z))","LysoPC(20:4(5Z,8Z,11Z,14Z))"
"LysoPC(0:0/20:4(5Z,8Z,11Z,14Z))",LPC(20:4)
LysoPC(14:0),LysoPC(14:0/0:0)
LysoPC(14:0/0:0),1-Myristoyl-Sn-Glycero-3-Phosphocholine
LysoPC(15:0/0:0),1-Pentadecanoylglycerophosphocholine
LysoPC(16:0),LPC 16:0
LysoPC(16:0/0:0),1-Palmitoyllysophosphatidylcholine
LysoPC(16:1),LysoPC(16:1(9Z)/0:0)
LysoPC(18:1(9Z)/0:0),1-(9Z-Octadecenoyl)-Sn-Glycero-3-Phosphocholine
LysoPC(18:1(9Z)/0:0),1-Oleoyl-Sn-Glycero-3-Phosphocholine
LysoPC(18:2 (2N Isomer)),LysoPC 18:2 (2N Isomer)
"LysoPC(18:2(9Z,12Z))","LysoPC[18:2(9Z,12Z)]"
"LysoPC(18:2(9Z,12Z)/0:0)",1-Linoleoylglycerophosphocholine
LysoPC(18:2),LysoPC 18:2
"LysoPC(18:3(6Z,9Z,12Z))","LysoPC[18:3(6Z,9Z,12Z)]"
LysoPC(20:0/0:0),1-Arachidoylglycerophosphocholine
LysoPC(20:0/0:0),LPC(20:0)
LysoPC(20:1(11Z)),LysoPC(20:1(11Z)/0:0)
"LysoPC(20:4(5Z,8Z,11Z,14Z))","LysoPC[20:4(5Z,8Z,11Z,14Z)]"
LysoPC(20:5),LPC 20:5
LysoPC(22:6),LPC(22:6)
LysoPE(0:0/16:0),LPE(16:0)
"LysoPE(0:0/18:2(9Z,12Z))",LysoPE(18:2)
"LysoPE(0:0/20:2(11Z,14Z))","LysoPE[0:0/20:2(11Z,14Z)]"
LysoPE(0:0/22:1(13Z)),LysoPE[0:0/22:1(13Z)]
LysoPE(0:0/22:4),LPE (22:4)
LysoPE(15:0),LPE(15:0)
LysoPE(16:0),LysoPE(0:0/16:0)
LysoPE(16:0/0:0),1-Palmitoyl-2-Hydroxy-Sn-Glycero-3-Phosphoethanolamine
LysoPE(17:1),LPE(17:1)
LysoPE(18:0),LysoPE(18:0/0:0)
LysoPE(18:0/0:0),LPE(18:0)
LysoPE(18:0/0:0),LysoPE(0:0/18:0)
LysoPE(18:0/0:0),LysoPE(18:0)
LysoPE(18:0/0:0),1-Stearoyl-2-Hydroxy-Sn-Glycero-3-Phosphoethanolamine
LysoPE(18:0/0:0),LPE 18:0
LysoPE(18:1(9Z)/0:0),1-Oleoyl-Sn-Glycero-3-Phosphoethanolamine
LysoPE(18:1(9Z)/0:0),1-Oleoylglycerophosphoethanolamine
"LysoPE(20:2(11Z,14Z)/0:0)",LPE(20:2)
"LysoPE(20:4(8Z,11Z,14Z,17Z)/0:0)",LPE(20:4)
LysoPE(22:6),LPE(22:6)
LysoPI(16:0/0:0),1-Palmitoylglycerophosphoinositol
LysoPI(18:0/0:0),1-Stearoylglycerophosphoinositol
"LysoPI(20:4(5Z,8Z,11Z,14Z)/0:0)",1-Arachidonoylglycerophosphoinositol
Malic acid,Malate
Malic acid,L-Malic Acid
Malonic acid,Malonate
Mannose,D-Mannose
Methyl Arachidonate,Arachidonic Acid Methyl Ester
Methylimidazoleacetic acid,1-Methyl-4-Imidazoleacetic Acid
Methylmalonic acid,Isosuccinate
MG(0:0/16:0/0:0),2-Monopalmitin
MG(0:0/16:0/0:0),2-Palmitoylglycerol
MG(16:0/0:0/0:0),1-Monopalmitin
MG(18:0/0:0/0:0),1-Stearoyl-Rac-Glycerol
MHPG,Methoxyhydroxyphenylethylglycol
MHPG,3-Methoxy-4-hydroxyphenylglycol
MHPG,MOPEG
MHPG,Vanylglycol
MHPG,3-Methoxy-4-Hydroxyphenylethylglycol
MHPG-SO4,3-Methoxy-4-hydroxyphenylethyleneglycol sulfate
myo-Inositol,Inositol
Myristic acid,Tetradecanoic Acid
NAA,N-Acetyl-L-aspartic acid
N-Acetylglucosamine,N-Acetyl-Glucosamine
N-Acetylglutamine,N-Acetyl-L-Glutamine
N-Acetyl-L-aspartic acid,N-Acetylaspartate
N-Acetyl-L-aspartic acid,N-Acetyl-aspartic acid
N-Acetyl-L-aspartic acid,N-Acetyl Aspartate
N-Acetylleucine,N-Acetyl-L-Leucine
N-Acetyl-L-Glutamic Acid,N-Acetylglutamic Acid
N-Acetyl-L-Ornithine,N-Acetyl-Ornithine
N-Acetyl-L-Tyrosine,N-Acetyltyrosine
N-Acetyl-Putrescine,N-Acetylputrescine
N-Acetyltryptophan,N-Acetyl-Tryptophan
NAD,beta-nicotinamide adenine dinucleotide
NAD,NAD+
NE,Norepinephrine
Niacinamide,Nicotinamide
N-Methylhydantoin,1-Methylhydantoin
O-Phosphoethanolamine,2-Aminoethyl dihydrogen phosphate
O-Phosphoethanolamine,Ethanolamine phosphate
O-Phosphoethanolamine,O-phosphorylethanolamine
O-Phosphoethanolamine,Phosphoethanolamine
O-Phosphoethanolamine,Phosphorylethanolamine
Ornithine,L-Ornithine
Ornithine,D-Ornithine
Orotic acid,Orotate
Oxoadipic acid,2-Oxoadipic Acid
Oxoglutaric acid,Alpha-Ketoglutaric Acid
Oxoglutaric acid,2-Oxoglutaric Acid
Oxoglutaric acid,2-Oxoglutarate
Oxoglutaric acid,Alpha-Oxoglutarate
Oxoglutaric acid,Alpha-Ketoglutarate
Palmitic acid,Palmitate
Palmitic acid,Hexadecanoic Acid
Palmitic acid,Palmitate (16:0)
Palmitoylcarnitine,L-Palmitoylcarnitine
Palmitoylcarnitine,Palmitoyl-L-Carnitine
Palmitoylethanolamide,Palmitoyl Ethanolamide
PC(18:0/22:6),1-Stearoyl-2-Docosahexaenoyl-Sn-Glycero-3-Phosphocholine
PC(18:1(9Z)/14:0),1-Oleoyl-2-Myristoyl-Sn-Glycero-3-Phosphocholine
"PC(O-16:0/20:3(8Z,11Z,14Z))",1-O-Hexadecyl-2-O-Dihomogammalinolenoylglycero-3-Phosphocholine
p-Cresol glucuronide,P-Cresyl Glucuronide
p-Cresol sulfate,P-Cresyl Sulfate
Phenylacetylglycine,Phenaceturic Acid
Phosphocholine,Phosphorylcholine
Phosphocreatine,Creatine Phosphate
Phosphorylcholine,Choline Phosphate
Phosphoserine,O-Phosphoserine
Pipecolic acid,L-Pipecolic Acid
Proline betaine,Stachydrine
Propionic acid,Propanoic Acid
Prostaglandin A1,PGA1
Prostaglandin A2,PGA2
Prostaglandin E2,Prostaglandin E
Prostaglandin E2,PGE2
Prostaglandin F2α,(+)-Prostaglandin F2 Alpha
Prostaglandin F2α,Prostaglandin F2alpha
Prostaglandin I2,PGI2
Protocatechuic acid,Protocatechoic Acid
Putrescine,"1,4-Diaminobutane"
Pyroglutamic acid,L-Pyroglutamic acid
Pyroglutamic acid,Oxoproline
Pyroglutamic acid,Pyroglutamate
Pyroglutamic acid,Pyrrolidonecarboxylic acid
QA,Quinolinic Acid
Salicyluric acid,2-Hydroxyhippuric Acid
SCFA,Short Chain Fatty Acid
Serotonin,5-HT
Serotonin,5-hydroxytryptamine
Serotonin,Serotonine
Sorbitol,D-Glucitol
Sphingosine,Sphingosine(d18:1)
Stearic acid,Octadecanoic Acid
Suberic acid,Suberate
Succinic acid,Succinate
Succinic acid,Butanedioic Acid
Succinyladenosine,Succinoadenosine
Succinyladenosine,N6-Succinyl Adenosine
Taurocholic acid,Taurocholate
Threonic acid,Threonate
Thromboxane A2,TXA2
Thromboxane A3,TXA3
Thromboxane B2,TXB2
Thromboxane B3,TXB3
Tiglylcarnitine,Tiglyl Carnitine
Trimethylamine N-oxide,TMAO
Trimethylamine N-oxide,Trimethylamine-N-oxide
Trimethylamine N-oxide,Trimethylamine oxide
Trimethylamine N-oxide,Trimetlylamine Oxide
Tyrosyl-Alanine,Tyrosylalanine
Tyrosyl-Glutamate,Tyr-Glu
Undecylenic acid,10-Undecenoic Acid
Uridine diphosphate glucose,Uridine Diphosphate-Glucose
Uridine diphosphate glucose,Udp-D-Glucose
Uridine diphosphate-N-acetylglucosamine,Udp-N-Acetyl-Glucosamine
Uridine diphosphate-N-acetylglucosamine,Udp-N-Acetylglucosamine
Urocanic acid,Urocanate
Valeric acid,Pentanoic acid
Valeric acid,Valerate
Valeric acid,Valerianate
Valylalanine,Val-Ala
Vanillylmandelic acid,3-Methoxy-4-Hydroxymandelic Acid
Vanillylmandelic acid,Vanillylmandellic Acid
Vitamin D3 sulfate,Vitamin D3 Sulfoconjugate
